0,0.0,piyush,piyush
0,0.0,piyush,piyush
0,0.0,piyush,piyush
0,0.0,piyush,piyush
0,0.0,piyush,piyush
0,0.0,piyush,piyush
0,0.0,piyush,piyush.l
0,0.0,fggdhdh,dfhdhf
0,0.0,xbx,fb
0,0.0,asf,dv
0,0.0,svbsb,fb
0,0.0,svdg,sgs
0,0.0,cxcbbc,xcb
0,0.0,xbf,cnn
0,0.0,zvxc,cxb
0,0.0,df,sv
0,0.0,piyush,piyush
0,0.0,sv,sv
0,0.0,sv,sv
0,0.0,xvb,bx
0,0.0,piyush,piyush
0,0.0,fbsf,bd
0,0.0,,
0,0.0,piyush,piyush
0,0.0,xxvv,xv
0,0.0,svs,sv
0,0.0,sdv,sdf
0,0.0,af,ds
0,0.0,piyush,piyush
0,0.0,piyush,piyush
0,0.0,piyush,piyush
0,0.0,piyush,piyush
0,0.0,piyush,piyush
0,0.0,piyush,piyush
0,0.0,piyush,piyush
0,0.0,piyush,piyush
0,0.0,2  piyush,3  piyush
0,0.0,2  piyush,3  piyush
0,0.0,2  piyush,3  piyush
0,0.0,2  piyush,3  piyush
0,0.0,2  piyush,3  piyush
0,0.0,2  piyush,3  piyush
0,0.0,2  piyush,3  piyush
0,0.0,2  piyush,3  piyush
0,0.0,2  piyush,3  piyush
0,0.0,2  piyush,3  piyush
0,0.0,2  piyush,3  piyush
0,0.0,2  piyush,3  piyush
0,0.0,2  piyush,3  piyush
0,0.0,2  piyush,3  piyush
0,0.0,2  piyush,3  piyush
0,0.0,2  piyush,3  piyush
0,0.0,2  piyush,3  piyush
0,0.0,2  piyush,3  piyush
0,0.0,2  piyush,3  piyush
0,0.0,2  piyush,3  piyush
0,0.0,2  piyush,3  piyush
0,0.0,2  piyush,3  piyush
0,0.0,2  piyush,3  piyush
0,0.0,2  piyush,3  piyush
0,0.0,2  piyush,3  piyush
0,0.0,2  piyush,3  piyush
0,0.0,2  piyush,3  piyush
0,0.0,2  piyush,3  piyush
0,0.0,2  piyush,3  piyush
0,0.0,2  piyush,3  piyush
0,0.0,2  piyush,3  piyush
0,0.0,2  piyush,3  piyush
0,0.0,2  piyush,3  piyush
0,0.0,2  piyush,3  piyush
0,0.0,2  piyush,3  piyush
0,0.0,2  piyush,3  piyush
0,0.0,2  piyush,3  piyush
0,0.0,hgjf,nsdjb
0,0.0,bsgdjk,bdj
0,0.0,piyush,piyush
0,0.0,dvsbb,bfb
0,0.0,ros,sjvkl
